client_id,first_name,last_name,email,phone,preferred_contact_method,created_at
1,Brianna,Warren,brianna.warren1@example.com,645-352-1818,email,2024-12-09
2,William,Bullock,william.bullock2@example.com,552-312-4329,email,2020-05-20
3,Eric,Malone,eric.malone3@example.com,127-799-7995,phone,2024-12-05
4,Michelle,Burton,michelle.burton4@example.com,271-774-4905,phone,2021-05-15
5,William,Collins,william.collins5@example.com,700-541-1998,email,2022-01-26
6,Patrick,Carpenter,patrick.carpenter6@example.com,079-359-7820,email,2021-08-06
7,Shannon,Shepherd,shannon.shepherd7@example.com,518-203-7788,phone,2020-11-19
8,Chelsea,Cox,chelsea.cox8@example.com,466-590-5151,email,2022-06-16
9,Angela,Hughes,angela.hughes9@example.com,492-519-2546,text,2024-09-03
10,David,Fletcher,david.fletcher10@example.com,148-652-8168,phone,2023-01-17
11,Michael,Cox,michael.cox11@example.com,235-733-2214,email,2023-12-11
12,Megan,Garcia,megan.garcia12@example.com,880-592-9622,email,2021-09-11
13,Henry,Schwartz,henry.schwartz13@example.com,927-065-3794,text,2023-06-06
14,Karen,Bowers,karen.bowers14@example.com,383-473-5977,phone,2024-07-10
15,Kayla,Strickland,kayla.strickland15@example.com,886-239-2407,email,2023-09-01
16,Morgan,Spencer,morgan.spencer16@example.com,181-412-4782,text,2022-12-19
17,Mariah,Davis,mariah.davis17@example.com,375-060-6853,text,2020-01-17
18,Paul,Miller,paul.miller18@example.com,305-152-2047,email,2023-09-29
19,Heather,Taylor,heather.taylor19@example.com,779-010-4328,email,2024-07-31
20,Shelby,Lynch,shelby.lynch20@example.com,614-341-0369,email,2023-02-09
21,Stephen,Rodriguez,stephen.rodriguez21@example.com,798-089-3246,text,2021-09-05
22,Aaron,Gomez,aaron.gomez22@example.com,962-185-1888,email,2023-09-20
23,Kristin,Romero,kristin.romero23@example.com,067-065-4051,phone,2020-07-31
24,Michael,Quinn,michael.quinn24@example.com,195-205-8527,text,2024-12-03
25,Tina,Mendoza,tina.mendoza25@example.com,221-704-3030,email,2020-10-02
26,Leslie,Collins,leslie.collins26@example.com,687-403-4505,email,2021-06-25
27,Joshua,Lloyd,joshua.lloyd27@example.com,667-652-7758,phone,2020-08-24
28,Joseph,Miller,joseph.miller28@example.com,616-928-4511,email,2024-12-27
29,Mark,Phillips,mark.phillips29@example.com,796-275-7059,email,2020-08-07
30,Whitney,Hill,whitney.hill30@example.com,016-582-0297,email,2024-02-29
31,Austin,Jones,austin.jones31@example.com,556-909-2755,phone,2023-02-07
32,Scott,Jones,scott.jones32@example.com,285-654-3102,email,2020-11-14
33,Victor,Hughes,victor.hughes33@example.com,814-473-9473,text,2021-07-11
34,David,Farrell,david.farrell34@example.com,727-155-1884,phone,2021-07-31
35,Patricia,York,patricia.york35@example.com,258-313-2370,text,2023-05-23
36,Michael,Armstrong,michael.armstrong36@example.com,782-911-4678,email,2021-03-07
37,Robert,Ortiz,robert.ortiz37@example.com,912-517-7852,text,2024-01-09
38,Natalie,Deleon,natalie.deleon38@example.com,922-680-1824,email,2021-12-03
39,Fred,Morris,fred.morris39@example.com,358-414-3842,email,2021-02-20
40,Colleen,Mendez,colleen.mendez40@example.com,182-992-2995,email,2023-11-08
41,Megan,Elliott,megan.elliott41@example.com,010-943-9690,text,2023-07-22
42,Tyler,Burton,tyler.burton42@example.com,447-364-7102,email,2024-10-12
43,Scott,Washington,scott.washington43@example.com,359-255-5625,email,2021-06-24
44,Zachary,Rodriguez,zachary.rodriguez44@example.com,371-473-2104,email,2022-11-01
45,Sonia,Lin,sonia.lin45@example.com,632-595-3278,text,2022-09-27
46,Steven,Koch,steven.koch46@example.com,701-687-3395,email,2021-05-29
47,Brandon,Campbell,brandon.campbell47@example.com,974-801-6245,email,2025-01-28
48,Kathryn,Diaz,kathryn.diaz48@example.com,609-835-8416,email,2025-02-02
49,William,Duran,william.duran49@example.com,499-121-6558,text,2024-09-28
50,Sheila,Fischer,sheila.fischer50@example.com,398-680-0025,phone,2020-04-14
51,Linda,Stone,linda.stone51@example.com,298-259-5269,email,2020-07-08
52,Jodi,Evans,jodi.evans52@example.com,588-879-4705,phone,2023-07-23
53,Mark,Rodriguez,mark.rodriguez53@example.com,694-097-4993,email,2022-05-17
54,Jennifer,Silva,jennifer.silva54@example.com,289-623-0913,email,2024-08-25
55,Andrew,Edwards,andrew.edwards55@example.com,263-689-7028,email,2021-07-20
56,Jared,Nguyen,jared.nguyen56@example.com,786-527-8585,email,2020-03-31
57,Erica,Dillon,erica.dillon57@example.com,497-334-8434,email,2020-01-08
58,Kellie,Bush,kellie.bush58@example.com,757-584-4198,email,2021-11-14
59,Noah,Baird,noah.baird59@example.com,524-041-5747,phone,2024-04-28
60,Jason,Clayton,jason.clayton60@example.com,484-219-9330,email,2020-09-24
61,Elizabeth,Schmidt,elizabeth.schmidt61@example.com,301-657-1208,phone,2023-07-28
62,Tiffany,Moore,tiffany.moore62@example.com,773-454-0193,phone,2021-06-20
63,Amanda,Sharp,amanda.sharp63@example.com,026-206-7240,email,2020-11-26
64,Albert,Bradley,albert.bradley64@example.com,154-788-7287,email,2024-02-27
65,Joshua,Lamb,joshua.lamb65@example.com,527-420-5493,email,2022-06-23
66,Gregory,Chase,gregory.chase66@example.com,668-516-1227,email,2023-02-03
67,Marcus,Wright,marcus.wright67@example.com,463-745-4990,email,2023-12-16
68,Jose,Ward,jose.ward68@example.com,301-742-6841,text,2022-05-25
69,Danielle,Shepard,danielle.shepard69@example.com,593-327-2795,email,2023-02-22
70,Robert,Dunn,robert.dunn70@example.com,783-391-8785,email,2020-01-20
71,Christian,Elliott,christian.elliott71@example.com,088-398-2258,phone,2020-08-17
72,Scott,Frazier,scott.frazier72@example.com,971-870-7286,email,2020-06-03
73,Stephen,Brown,stephen.brown73@example.com,740-640-3910,email,2024-12-13
74,Rodney,Graves,rodney.graves74@example.com,801-704-6226,email,2023-11-16
75,Nicholas,Vance,nicholas.vance75@example.com,766-182-5128,email,2025-01-25
76,Phillip,Anderson,phillip.anderson76@example.com,300-478-6863,email,2020-11-01
77,John,Reed,john.reed77@example.com,431-069-0331,email,2023-01-22
78,Craig,Johnson,craig.johnson78@example.com,903-067-3830,email,2020-03-14
79,Donald,Holder,donald.holder79@example.com,395-995-3428,text,2024-09-05
80,Jeffrey,Turner,jeffrey.turner80@example.com,089-268-7056,email,2022-01-26
81,Kristi,Flores,kristi.flores81@example.com,662-462-8733,text,2023-04-07
82,Kevin,Zimmerman,kevin.zimmerman82@example.com,708-668-8263,phone,2023-02-05
83,Jonathan,Rivera,jonathan.rivera83@example.com,175-183-0469,phone,2020-10-30
84,Carrie,Russo,carrie.russo84@example.com,398-373-5403,phone,2022-05-30
85,Sharon,Hayden,sharon.hayden85@example.com,173-936-3854,email,2020-09-18
86,Oscar,Ferguson,oscar.ferguson86@example.com,544-587-7175,text,2020-03-26
87,Robin,Wood,robin.wood87@example.com,609-320-4899,phone,2021-09-23
88,Jennifer,Phillips,jennifer.phillips88@example.com,353-693-7854,text,2022-01-16
89,Kathryn,Burns,kathryn.burns89@example.com,772-522-8728,phone,2025-01-15
90,Veronica,Bernard,veronica.bernard90@example.com,801-006-2312,text,2024-06-18
91,Albert,Wagner,albert.wagner91@example.com,509-977-0088,email,2024-10-28
92,Robert,Smith,robert.smith92@example.com,484-086-2118,phone,2020-03-22
93,Eduardo,Lee,eduardo.lee93@example.com,845-461-5679,email,2025-01-14
94,John,Terry,john.terry94@example.com,410-166-6870,phone,2022-01-02
95,Dana,Warner,dana.warner95@example.com,176-591-8033,phone,2021-03-06
96,Rachel,Schwartz,rachel.schwartz96@example.com,974-014-8902,email,2023-10-28
97,Sarah,Edwards,sarah.edwards97@example.com,392-614-2939,text,2021-05-26
98,Mary,Price,mary.price98@example.com,856-218-5016,email,2023-09-27
99,Jesse,Jones,jesse.jones99@example.com,999-650-4773,email,2020-07-29
100,Michael,Pugh,michael.pugh100@example.com,629-619-4311,email,2021-12-25
101,Joseph,James,joseph.james101@example.com,265-511-0475,email,2024-05-16
102,Kathleen,Garcia,kathleen.garcia102@example.com,126-788-8610,phone,2023-02-20
103,Christopher,Spencer,christopher.spencer103@example.com,995-604-6618,email,2024-12-15
104,Rebecca,Spence,rebecca.spence104@example.com,982-622-4447,phone,2024-11-26
105,Dustin,Jackson,dustin.jackson105@example.com,464-715-4379,phone,2022-04-12
106,Christina,Ellis,christina.ellis106@example.com,240-659-6575,email,2023-06-25
107,Ryan,Colon,ryan.colon107@example.com,924-593-7526,phone,2024-03-14
108,Tanya,Carter,tanya.carter108@example.com,793-564-6519,email,2020-11-12
109,James,Osborn,james.osborn109@example.com,280-737-4167,email,2021-04-29
110,Donald,Turner,donald.turner110@example.com,426-617-9796,phone,2024-11-05
111,Amanda,Mclean,amanda.mclean111@example.com,680-589-1135,email,2020-11-28
112,Gabriel,Salazar,gabriel.salazar112@example.com,965-610-1438,phone,2024-06-26
113,Julie,Grant,julie.grant113@example.com,937-567-9825,text,2024-07-18
114,Whitney,Webb,whitney.webb114@example.com,461-125-4573,email,2020-12-28
115,Adriana,Bailey,adriana.bailey115@example.com,177-514-0105,text,2024-12-10
116,Deborah,Byrd,deborah.byrd116@example.com,238-282-5867,email,2022-04-24
117,Jesse,Sullivan,jesse.sullivan117@example.com,226-609-3796,phone,2020-02-20
118,Paul,Bush,paul.bush118@example.com,341-918-2553,email,2021-01-02
119,Stephen,Baker,stephen.baker119@example.com,785-969-6915,text,2024-02-17
120,Michael,Ellis,michael.ellis120@example.com,249-912-5134,email,2021-11-11
121,Daryl,Brooks,daryl.brooks121@example.com,286-692-9662,text,2024-05-21
122,Tommy,Medina,tommy.medina122@example.com,282-742-2579,text,2022-04-23
123,Brian,Howard,brian.howard123@example.com,072-368-8767,phone,2024-06-30
124,Robert,Larsen,robert.larsen124@example.com,721-903-4043,phone,2023-10-03
125,Amanda,Jackson,amanda.jackson125@example.com,797-881-9148,email,2024-11-04
126,Madeline,Richardson,madeline.richardson126@example.com,078-361-3407,email,2024-02-14
127,Jose,Atkins,jose.atkins127@example.com,171-339-5962,text,2024-07-18
128,Christina,Glover,christina.glover128@example.com,309-584-9825,text,2021-05-23
129,Tiffany,Carter,tiffany.carter129@example.com,948-126-0422,email,2021-06-30
130,John,Dawson,john.dawson130@example.com,367-294-6671,phone,2020-11-22
131,Cynthia,Beard,cynthia.beard131@example.com,168-457-7590,email,2024-05-31
132,Misty,Boone,misty.boone132@example.com,175-186-3637,phone,2023-12-07
133,Joseph,Clayton,joseph.clayton133@example.com,589-297-5001,text,2020-08-09
134,Connie,Copeland,connie.copeland134@example.com,012-770-6324,email,2022-02-22
135,Erik,Cantu,erik.cantu135@example.com,415-415-2064,email,2024-11-21
136,Jessica,Fischer,jessica.fischer136@example.com,611-037-1293,phone,2020-03-20
137,April,Wallace,april.wallace137@example.com,051-627-1361,email,2024-10-24
138,Jessica,Garcia,jessica.garcia138@example.com,554-262-2189,email,2022-08-21
139,Alan,Santos,alan.santos139@example.com,753-269-7311,email,2021-03-31
140,Donald,Martinez,donald.martinez140@example.com,656-523-4138,phone,2021-02-12
141,Carolyn,Griffith,carolyn.griffith141@example.com,404-389-8364,email,2024-07-30
142,Debbie,Bowers,debbie.bowers142@example.com,376-137-9180,text,2025-02-23
143,Valerie,Peck,valerie.peck143@example.com,269-658-2710,phone,2022-07-31
144,Brenda,Smith,brenda.smith144@example.com,300-684-8666,phone,2021-12-17
145,Christopher,Herrera,christopher.herrera145@example.com,924-141-8328,phone,2021-09-17
146,Mark,Willis,mark.willis146@example.com,146-303-1617,email,2024-08-07
147,Cheryl,Brown,cheryl.brown147@example.com,210-202-7588,email,2024-06-16
148,Krista,Le,krista.le148@example.com,252-410-5648,email,2024-11-19
149,Caleb,Joseph,caleb.joseph149@example.com,917-785-0792,phone,2021-04-11
150,Michael,Scott,michael.scott150@example.com,191-380-0030,email,2021-04-01
151,Thomas,Reyes,thomas.reyes151@example.com,220-863-5365,email,2020-02-18
152,Joseph,Miller,joseph.miller152@example.com,518-023-8061,email,2023-09-13
153,Natalie,Cline,natalie.cline153@example.com,451-870-5349,text,2021-01-30
154,Kristen,Stevenson,kristen.stevenson154@example.com,375-973-8320,phone,2022-03-27
155,Sarah,Johnson,sarah.johnson155@example.com,850-506-4138,email,2021-11-03
156,Tonya,Barnes,tonya.barnes156@example.com,024-103-8657,email,2021-07-24
157,Terri,Miller,terri.miller157@example.com,182-619-9062,email,2024-11-05
158,Joel,Green,joel.green158@example.com,565-574-3132,email,2020-05-22
159,Kimberly,Richards,kimberly.richards159@example.com,212-775-6185,email,2024-05-02
160,Tami,Clark,tami.clark160@example.com,474-112-4903,text,2021-07-25
161,Mary,Murphy,mary.murphy161@example.com,135-680-4420,phone,2021-12-20
162,Stephanie,Bond,stephanie.bond162@example.com,883-171-2100,phone,2023-08-06
163,Maria,Haas,maria.haas163@example.com,236-519-9410,email,2022-11-09
164,Wendy,Gonzalez,wendy.gonzalez164@example.com,721-510-7029,email,2022-03-29
165,Ryan,Ramsey,ryan.ramsey165@example.com,706-625-3244,phone,2023-10-23
166,Sean,Hernandez,sean.hernandez166@example.com,999-347-6870,phone,2024-09-23
167,Christopher,Reyes,christopher.reyes167@example.com,638-380-6578,phone,2023-01-03
168,Kimberly,Cooper,kimberly.cooper168@example.com,985-642-0593,text,2021-11-09
169,Anthony,Cochran,anthony.cochran169@example.com,407-859-3213,phone,2020-02-26
170,Diane,Adams,diane.adams170@example.com,039-652-2395,email,2020-08-24
171,Linda,Wolfe,linda.wolfe171@example.com,905-992-9378,phone,2024-12-01
172,Kyle,Henry,kyle.henry172@example.com,103-930-8705,email,2021-06-18
173,Samantha,Harris,samantha.harris173@example.com,252-500-2921,phone,2020-12-31
174,Meghan,Valencia,meghan.valencia174@example.com,156-915-4522,email,2023-04-04
175,Jessica,Kim,jessica.kim175@example.com,752-895-3926,phone,2021-06-27
176,Kurt,Barker,kurt.barker176@example.com,220-969-0295,text,2020-03-19
177,Samantha,Ponce,samantha.ponce177@example.com,391-725-1355,phone,2020-08-10
178,Gary,Mcclure,gary.mcclure178@example.com,157-043-3154,email,2023-05-06
179,Kristin,Le,kristin.le179@example.com,067-626-7658,text,2022-06-08
180,Nicholas,Poole,nicholas.poole180@example.com,932-710-4054,email,2021-12-08
181,Stephanie,Jones,stephanie.jones181@example.com,262-181-5997,email,2024-02-01
182,Janet,Reynolds,janet.reynolds182@example.com,296-201-5336,email,2024-05-29
183,Heidi,Bowen,heidi.bowen183@example.com,844-431-0698,email,2021-10-04
184,Mary,Hernandez,mary.hernandez184@example.com,506-149-7310,email,2022-06-12
185,Jamie,Little,jamie.little185@example.com,171-467-7418,text,2023-05-26
186,Paul,Watson,paul.watson186@example.com,652-704-7743,email,2022-11-13
187,Mary,Elliott,mary.elliott187@example.com,211-586-9380,email,2020-08-24
188,Mary,Cardenas,mary.cardenas188@example.com,687-937-4160,email,2022-02-27
189,Wayne,Lester,wayne.lester189@example.com,992-172-2332,email,2025-01-16
190,Brad,Miller,brad.miller190@example.com,632-945-1168,phone,2023-03-26
191,Ray,Nguyen,ray.nguyen191@example.com,487-099-8616,email,2021-01-24
192,Edward,Knight,edward.knight192@example.com,911-914-8564,text,2021-06-05
193,Patrick,Washington,patrick.washington193@example.com,970-246-2996,phone,2020-03-31
194,Benjamin,Preston,benjamin.preston194@example.com,530-745-0544,email,2023-12-22
195,Juan,Vasquez,juan.vasquez195@example.com,132-475-4691,phone,2022-06-12
196,Jacob,Lewis,jacob.lewis196@example.com,678-508-2148,email,2020-01-04
197,Richard,Deleon,richard.deleon197@example.com,890-233-0307,phone,2022-11-30
198,Brent,Ward,brent.ward198@example.com,345-786-1035,email,2024-07-09
199,Tracy,Griffin,tracy.griffin199@example.com,798-552-4140,email,2023-01-07
200,Paul,Martin,paul.martin200@example.com,933-334-6800,email,2023-11-07
201,Thomas,Anderson,thomas.anderson201@example.com,290-349-4466,email,2024-01-13
202,Melissa,Stevens,melissa.stevens202@example.com,374-896-9108,email,2024-02-28
203,Yvonne,Levy,yvonne.levy203@example.com,589-944-1715,text,2024-02-18
204,Vanessa,Davidson,vanessa.davidson204@example.com,444-328-3096,phone,2023-10-05
205,Donna,Becker,donna.becker205@example.com,074-466-6099,email,2021-02-07
206,Lisa,Cooper,lisa.cooper206@example.com,387-584-2824,phone,2022-01-15
207,Connor,Anderson,connor.anderson207@example.com,482-513-5346,text,2022-06-02
208,Kristin,Rivera,kristin.rivera208@example.com,494-717-0999,text,2020-05-23
209,Charles,Preston,charles.preston209@example.com,816-846-0223,email,2023-09-22
210,Matthew,Benitez,matthew.benitez210@example.com,725-217-5250,text,2025-02-28
211,Adam,Hill,adam.hill211@example.com,292-712-9666,email,2021-11-07
212,Roy,Woods,roy.woods212@example.com,008-350-5830,email,2023-06-30
213,Erica,Sims,erica.sims213@example.com,335-421-6894,phone,2021-10-04
214,Gary,Colon,gary.colon214@example.com,447-898-5625,email,2023-09-20
215,Wendy,Henry,wendy.henry215@example.com,326-033-2309,phone,2024-10-02
216,William,Martinez,william.martinez216@example.com,064-890-9010,text,2020-09-12
217,Brandon,Wilson,brandon.wilson217@example.com,761-847-2304,email,2024-01-14
218,Robert,Garcia,robert.garcia218@example.com,849-926-1891,email,2025-01-17
219,Justin,Glover,justin.glover219@example.com,739-348-3564,phone,2021-09-07
220,Ethan,Kelley,ethan.kelley220@example.com,375-300-1197,email,2022-11-04
221,Edward,Davis,edward.davis221@example.com,811-437-4470,phone,2021-09-25
222,Cory,Thompson,cory.thompson222@example.com,045-561-1002,email,2023-09-27
223,Elizabeth,Jackson,elizabeth.jackson223@example.com,579-415-5216,phone,2022-04-16
224,Ricardo,Bryant,ricardo.bryant224@example.com,676-212-0216,text,2021-10-30
225,Rhonda,Webb,rhonda.webb225@example.com,972-965-9027,email,2022-04-04
226,Samantha,Rodriguez,samantha.rodriguez226@example.com,670-145-0899,email,2023-11-28
227,Jeffrey,Sosa,jeffrey.sosa227@example.com,588-916-3756,email,2021-08-28
228,Edgar,Serrano,edgar.serrano228@example.com,900-287-7217,email,2023-02-09
229,Malik,Rivera,malik.rivera229@example.com,408-386-6317,email,2020-09-17
230,Sean,Berry,sean.berry230@example.com,177-517-0166,email,2021-01-27
231,Barry,Dunn,barry.dunn231@example.com,199-488-3755,text,2022-05-11
232,Marcia,Velasquez,marcia.velasquez232@example.com,758-997-5711,email,2023-09-23
233,Katherine,Walker,katherine.walker233@example.com,554-885-1027,text,2022-02-15
234,Donald,Love,donald.love234@example.com,614-933-1637,text,2023-10-19
235,Makayla,Lee,makayla.lee235@example.com,516-091-7798,phone,2024-03-12
236,Dennis,Porter,dennis.porter236@example.com,808-697-8292,text,2025-01-22
237,Jessica,Anderson,jessica.anderson237@example.com,699-586-6934,phone,2020-12-22
238,Raymond,Cooper,raymond.cooper238@example.com,472-269-8485,text,2023-06-14
239,Jennifer,Walls,jennifer.walls239@example.com,333-945-2288,email,2023-03-11
240,Heather,Morris,heather.morris240@example.com,158-799-6846,text,2021-09-08
241,Lindsey,Mills,lindsey.mills241@example.com,062-003-4244,text,2022-04-11
242,Dwayne,Brown,dwayne.brown242@example.com,438-057-1983,text,2023-01-27
243,Julia,Hoffman,julia.hoffman243@example.com,384-066-6580,email,2024-09-03
244,Alexander,King,alexander.king244@example.com,973-598-9334,email,2020-01-01
245,Shane,Lucero,shane.lucero245@example.com,122-816-0648,phone,2021-09-14
246,Joseph,Martin,joseph.martin246@example.com,405-720-2590,email,2021-08-10
247,Kim,Garrett,kim.garrett247@example.com,479-851-5832,phone,2021-03-06
248,Abigail,Hartman,abigail.hartman248@example.com,268-861-5335,email,2022-05-30
249,Mark,Carter,mark.carter249@example.com,987-801-5739,email,2024-05-28
250,Samantha,Sanchez,samantha.sanchez250@example.com,056-164-8408,text,2023-04-02
251,Lynn,Brooks,lynn.brooks251@example.com,877-043-5811,email,2023-05-27
252,Gary,Huber,gary.huber252@example.com,880-133-6138,text,2023-09-02
253,Maria,Johns,maria.johns253@example.com,612-075-0110,phone,2021-10-21
254,Gregory,King,gregory.king254@example.com,193-466-7665,text,2022-08-10
255,Andre,Nunez,andre.nunez255@example.com,809-190-1581,text,2022-06-23
256,Keith,Jennings,keith.jennings256@example.com,914-766-0728,email,2022-06-24
257,Jeffrey,Francis,jeffrey.francis257@example.com,842-450-8821,email,2023-10-15
258,Bobby,Armstrong,bobby.armstrong258@example.com,688-143-5368,email,2021-03-13
259,Douglas,White,douglas.white259@example.com,943-129-0878,phone,2022-11-12
260,Charles,Powers,charles.powers260@example.com,413-975-5231,email,2022-08-27
261,Justin,Jones,justin.jones261@example.com,357-759-4929,email,2024-06-13
262,Ashley,Aguirre,ashley.aguirre262@example.com,620-533-6452,phone,2025-01-19
263,Erin,Rivera,erin.rivera263@example.com,777-547-8129,email,2024-06-18
264,Christopher,Ramirez,christopher.ramirez264@example.com,283-411-0809,phone,2024-02-16
265,Beth,Hammond,beth.hammond265@example.com,308-488-7256,phone,2020-12-13
266,Jeffrey,Barton,jeffrey.barton266@example.com,427-881-6580,phone,2023-09-11
267,Elaine,Charles,elaine.charles267@example.com,928-272-2992,text,2020-06-22
268,Jill,Webb,jill.webb268@example.com,503-731-4530,email,2021-08-04
269,Elizabeth,Holmes,elizabeth.holmes269@example.com,567-700-5184,text,2022-11-21
270,Mary,Baker,mary.baker270@example.com,892-665-9184,email,2023-09-21
271,Nicholas,Solomon,nicholas.solomon271@example.com,865-577-9082,email,2023-07-20
272,Scott,Hall,scott.hall272@example.com,843-222-5913,email,2023-06-22
273,Robert,Rivera,robert.rivera273@example.com,177-739-2603,email,2021-11-17
274,Bradley,Berry,bradley.berry274@example.com,228-092-0242,phone,2020-07-10
275,Zachary,Sullivan,zachary.sullivan275@example.com,904-137-9772,email,2024-08-03
276,Jeffrey,Jenkins,jeffrey.jenkins276@example.com,292-984-2579,phone,2024-03-18
277,Brittany,Hall,brittany.hall277@example.com,621-038-8629,email,2021-04-26
278,Cole,Alvarez,cole.alvarez278@example.com,990-881-1729,email,2023-10-09
279,Amber,Smith,amber.smith279@example.com,686-508-6376,phone,2021-09-27
280,Michael,Ballard,michael.ballard280@example.com,916-247-3149,phone,2021-04-05
281,Nancy,Ortiz,nancy.ortiz281@example.com,300-981-8063,email,2024-07-09
282,Gwendolyn,Stewart,gwendolyn.stewart282@example.com,512-694-4869,email,2021-02-11
283,Michael,Hill,michael.hill283@example.com,636-887-2588,phone,2020-10-28
284,Timothy,Hinton,timothy.hinton284@example.com,956-213-7213,text,2020-02-20
285,William,Hartman,william.hartman285@example.com,890-260-1279,phone,2020-04-04
286,Ryan,Brown,ryan.brown286@example.com,351-906-6984,email,2021-05-16
287,Jennifer,Harper,jennifer.harper287@example.com,277-038-4309,text,2022-08-31
288,William,Hale,william.hale288@example.com,920-530-2146,phone,2023-06-05
289,Michael,Foster,michael.foster289@example.com,938-011-8489,phone,2024-10-06
290,Michael,Richmond,michael.richmond290@example.com,439-376-9042,phone,2024-04-22
291,Richard,Rodriguez,richard.rodriguez291@example.com,184-518-4894,email,2020-05-29
292,Heather,Church,heather.church292@example.com,973-577-9071,phone,2022-07-21
293,Jonathan,Reyes,jonathan.reyes293@example.com,335-658-8043,email,2022-04-28
294,Justin,Ross,justin.ross294@example.com,518-275-5394,phone,2024-12-19
295,Ian,Reese,ian.reese295@example.com,373-334-3333,email,2023-07-13
296,Mary,Kelly,mary.kelly296@example.com,111-790-8075,text,2023-03-24
297,Christine,Vasquez,christine.vasquez297@example.com,947-284-6392,text,2021-02-02
298,Brian,Lloyd,brian.lloyd298@example.com,780-856-2718,email,2024-01-11
299,Steve,Norris,steve.norris299@example.com,036-915-5942,email,2023-11-27
300,Amy,Young,amy.young300@example.com,795-527-6365,email,2022-02-25
301,Michael,Morales,michael.morales301@example.com,729-293-1438,email,2022-10-09
302,Ryan,James,ryan.james302@example.com,227-026-7288,email,2022-03-29
303,Jennifer,Floyd,jennifer.floyd303@example.com,448-906-1203,phone,2021-05-14
304,Lisa,Woods,lisa.woods304@example.com,175-455-8845,text,2020-10-29
305,Andrew,Martinez,andrew.martinez305@example.com,939-982-4558,email,2023-09-05
306,Tony,Doyle,tony.doyle306@example.com,169-472-2569,phone,2023-11-09
307,Ashley,Sweeney,ashley.sweeney307@example.com,112-535-5449,email,2020-01-12
308,Deanna,Nelson,deanna.nelson308@example.com,759-876-2202,email,2025-01-02
309,Jessica,Stanley,jessica.stanley309@example.com,132-611-1780,text,2024-03-17
310,Anthony,Sanders,anthony.sanders310@example.com,114-921-6433,email,2024-10-28
311,Joan,Ramos,joan.ramos311@example.com,228-200-5577,email,2024-04-26
312,Theresa,Fernandez,theresa.fernandez312@example.com,487-282-9979,phone,2024-12-18
313,Ryan,Bowman,ryan.bowman313@example.com,845-783-1745,email,2020-08-06
314,Robert,Moore,robert.moore314@example.com,008-254-7807,email,2024-05-13
315,Stacey,Woods,stacey.woods315@example.com,064-930-8536,phone,2022-05-20
316,Nicole,Kim,nicole.kim316@example.com,326-634-1638,phone,2021-03-24
317,Kathy,Kent,kathy.kent317@example.com,448-463-1224,email,2020-12-26
318,Daniel,Gibson,daniel.gibson318@example.com,749-735-0208,phone,2024-07-04
319,Andrew,Compton,andrew.compton319@example.com,442-703-1207,email,2023-11-26
320,Jeff,Fisher,jeff.fisher320@example.com,757-051-2046,phone,2022-11-26
321,Charles,Harrison,charles.harrison321@example.com,346-013-6730,phone,2022-08-09
322,James,Moss,james.moss322@example.com,183-764-5208,phone,2020-04-12
323,Abigail,King,abigail.king323@example.com,435-031-3650,text,2023-02-15
324,Gary,Hill,gary.hill324@example.com,163-009-7925,text,2021-05-25
325,Kelli,Wright,kelli.wright325@example.com,719-500-5281,text,2025-02-21
326,David,Hall,david.hall326@example.com,857-306-5240,email,2024-10-03
327,Todd,Kim,todd.kim327@example.com,487-392-8557,phone,2020-09-05
328,Joshua,Guerra,joshua.guerra328@example.com,821-827-4485,email,2022-07-23
329,Shawn,Parsons,shawn.parsons329@example.com,862-095-9351,email,2020-09-30
330,Dominique,Ryan,dominique.ryan330@example.com,638-782-9456,text,2024-06-29
331,Danielle,Rodriguez,danielle.rodriguez331@example.com,810-220-3173,phone,2022-08-09
332,Corey,Duncan,corey.duncan332@example.com,678-994-0539,email,2023-09-29
333,Jennifer,Smith,jennifer.smith333@example.com,371-705-8650,phone,2022-12-23
334,Madison,Baker,madison.baker334@example.com,014-138-1138,email,2023-02-18
335,Paul,Lee,paul.lee335@example.com,392-886-1957,email,2023-05-04
336,Jacqueline,Simmons,jacqueline.simmons336@example.com,122-868-5289,email,2021-10-11
337,Scott,Gomez,scott.gomez337@example.com,585-566-5939,email,2024-03-26
338,Amy,Brooks,amy.brooks338@example.com,845-776-0049,email,2024-12-30
339,Allen,Taylor,allen.taylor339@example.com,404-335-0488,email,2022-06-25
340,Angela,Howe,angela.howe340@example.com,210-752-2459,email,2023-06-08
341,John,Scott,john.scott341@example.com,419-693-1572,text,2024-07-27
342,Tracy,Nolan,tracy.nolan342@example.com,919-409-6105,text,2024-01-13
343,Michael,Montoya,michael.montoya343@example.com,613-906-0480,email,2024-12-31
344,Luis,Cunningham,luis.cunningham344@example.com,583-206-7998,email,2022-10-30
345,Christopher,Reynolds,christopher.reynolds345@example.com,622-517-9086,email,2022-05-23
346,Jose,Ross,jose.ross346@example.com,622-783-7693,email,2024-08-28
347,Ann,Shea,ann.shea347@example.com,833-146-5911,phone,2025-01-31
348,Emily,Henderson,emily.henderson348@example.com,535-590-4259,text,2023-01-27
349,Lorraine,Lang,lorraine.lang349@example.com,927-033-5211,phone,2022-07-02
350,Jodi,Sanchez,jodi.sanchez350@example.com,924-051-4770,text,2025-01-11
351,Martin,Singh,martin.singh351@example.com,338-848-7920,email,2020-11-21
352,Nicholas,Escobar,nicholas.escobar352@example.com,804-204-3940,email,2024-03-03
353,Steven,Landry,steven.landry353@example.com,164-510-4636,email,2024-10-30
354,William,Mckinney,william.mckinney354@example.com,579-812-3878,text,2022-08-30
355,Sara,Smith,sara.smith355@example.com,384-576-2055,email,2022-07-10
356,Michael,Turner,michael.turner356@example.com,840-460-8432,email,2021-06-14
357,Matthew,Long,matthew.long357@example.com,216-893-6392,phone,2024-03-19
358,Ronald,Edwards,ronald.edwards358@example.com,957-823-2983,email,2021-05-21
359,Michelle,Parker,michelle.parker359@example.com,826-292-5188,phone,2024-09-16
360,Stacy,Wilson,stacy.wilson360@example.com,520-566-4742,email,2023-07-29
361,Kimberly,Rodriguez,kimberly.rodriguez361@example.com,209-949-9939,email,2021-07-21
362,Jesse,Mcdaniel,jesse.mcdaniel362@example.com,517-289-7526,email,2024-04-17
363,Travis,Taylor,travis.taylor363@example.com,330-604-6333,phone,2024-05-11
364,Carl,Ho,carl.ho364@example.com,797-573-6609,phone,2022-12-03
365,Jill,James,jill.james365@example.com,569-998-8081,email,2022-09-19
366,Shannon,Wilcox,shannon.wilcox366@example.com,038-860-8680,phone,2023-07-07
367,James,Gonzales,james.gonzales367@example.com,447-264-9082,phone,2021-05-04
368,Steven,Lucas,steven.lucas368@example.com,181-298-2665,phone,2021-07-16
369,Shannon,White,shannon.white369@example.com,937-145-2111,text,2022-06-19
370,Jasmin,Walters,jasmin.walters370@example.com,186-892-6860,email,2020-06-07
371,Kayla,Barr,kayla.barr371@example.com,922-220-6447,email,2024-01-01
372,Keith,White,keith.white372@example.com,230-940-7778,phone,2021-08-08
373,Lindsey,Franklin,lindsey.franklin373@example.com,733-977-6719,email,2021-04-25
374,Carol,Sanchez,carol.sanchez374@example.com,849-830-2205,email,2021-07-10
375,Benjamin,Nash,benjamin.nash375@example.com,994-510-1622,email,2021-11-18
376,Emily,Carr,emily.carr376@example.com,998-279-5014,phone,2021-10-16
377,Marcus,Merritt,marcus.merritt377@example.com,168-147-2145,phone,2025-01-02
378,Alison,Warren,alison.warren378@example.com,390-198-1794,phone,2023-01-11
379,Ronald,Abbott,ronald.abbott379@example.com,489-952-9978,email,2020-06-14
380,Jessica,Jimenez,jessica.jimenez380@example.com,293-430-1071,email,2020-10-10
381,Joan,Clark,joan.clark381@example.com,966-055-8303,phone,2020-11-04
382,Hannah,King,hannah.king382@example.com,144-885-0155,phone,2021-04-18
383,Randy,Carroll,randy.carroll383@example.com,023-557-7027,phone,2022-02-23
384,Eric,Murray,eric.murray384@example.com,857-608-4958,text,2023-11-22
385,Amanda,Clark,amanda.clark385@example.com,551-240-5682,phone,2020-11-08
386,Ashley,Price,ashley.price386@example.com,914-504-6173,email,2023-12-17
387,Nathan,Gallegos,nathan.gallegos387@example.com,438-421-5031,email,2021-03-14
388,Scott,Johnson,scott.johnson388@example.com,782-357-8452,email,2020-05-11
389,Kayla,Garcia,kayla.garcia389@example.com,823-076-8104,phone,2022-04-29
390,Sarah,Mcdaniel,sarah.mcdaniel390@example.com,915-701-8409,phone,2022-04-14
391,Katherine,Fowler,katherine.fowler391@example.com,353-344-8571,email,2021-11-08
392,Joseph,Moore,joseph.moore392@example.com,109-881-3858,email,2023-01-16
393,Lucas,Thomas,lucas.thomas393@example.com,493-214-9587,email,2022-08-12
394,Brent,Johnson,brent.johnson394@example.com,016-016-6299,email,2022-05-01
395,Crystal,Vaughn,crystal.vaughn395@example.com,795-453-8179,phone,2020-05-07
396,David,Hess,david.hess396@example.com,717-477-3329,text,2021-02-27
397,Jonathan,Cox,jonathan.cox397@example.com,255-770-1715,email,2024-09-01
398,Timothy,Singleton,timothy.singleton398@example.com,459-928-1615,phone,2022-05-10
399,Angela,Jones,angela.jones399@example.com,487-696-3938,text,2022-03-08
400,Erik,Olson,erik.olson400@example.com,153-966-9583,email,2025-01-27
401,Gilbert,Caldwell,gilbert.caldwell401@example.com,971-997-5817,email,2024-04-25
402,Gregory,Blanchard,gregory.blanchard402@example.com,191-965-7013,email,2023-04-11
403,Lisa,Clay,lisa.clay403@example.com,022-784-6997,text,2023-11-25
404,James,Maldonado,james.maldonado404@example.com,549-465-1909,email,2020-02-10
405,Valerie,Powell,valerie.powell405@example.com,240-580-0851,phone,2024-10-20
406,Michelle,Glenn,michelle.glenn406@example.com,369-656-6668,email,2024-12-08
407,Jason,Thompson,jason.thompson407@example.com,238-656-2422,text,2024-04-16
408,Alexander,Wong,alexander.wong408@example.com,276-212-6796,phone,2023-03-25
409,Cindy,Gibson,cindy.gibson409@example.com,687-653-2690,email,2022-02-18
410,Becky,Bradford,becky.bradford410@example.com,384-689-5009,email,2022-09-03
411,Timothy,Richardson,timothy.richardson411@example.com,971-284-7818,email,2020-01-13
412,Pamela,Davis,pamela.davis412@example.com,718-949-0580,email,2021-12-21
413,Taylor,Hunt,taylor.hunt413@example.com,795-654-4209,text,2021-09-03
414,Kara,Acosta,kara.acosta414@example.com,940-792-9049,phone,2024-03-23
415,Anthony,Washington,anthony.washington415@example.com,281-442-9444,phone,2022-03-09
416,Alexis,Rodriguez,alexis.rodriguez416@example.com,292-752-4372,phone,2024-10-13
417,Lauren,Atkins,lauren.atkins417@example.com,512-927-6637,text,2024-12-31
418,Jessica,Jackson,jessica.jackson418@example.com,950-410-2767,email,2024-09-07
419,Kevin,Reese,kevin.reese419@example.com,836-674-2860,phone,2022-05-08
420,Keith,Salinas,keith.salinas420@example.com,658-018-5694,text,2023-01-07
421,Matthew,Adams,matthew.adams421@example.com,149-673-9385,text,2024-03-10
422,Erica,Kaiser,erica.kaiser422@example.com,580-010-6181,text,2024-02-13
423,Gina,Bell,gina.bell423@example.com,443-009-1093,text,2023-01-23
424,Stephanie,Little,stephanie.little424@example.com,119-269-2124,phone,2024-06-26
425,Kenneth,Guerrero,kenneth.guerrero425@example.com,174-654-2140,email,2023-05-20
426,Patrick,Cook,patrick.cook426@example.com,044-271-7396,email,2025-01-12
427,Gregory,Vasquez,gregory.vasquez427@example.com,286-391-7410,text,2021-03-27
428,Charles,Duncan,charles.duncan428@example.com,470-720-0642,email,2022-09-26
429,Isabel,Conway,isabel.conway429@example.com,908-776-6183,email,2021-03-25
430,Aaron,Finley,aaron.finley430@example.com,719-855-4601,email,2021-07-12
431,Michael,Castaneda,michael.castaneda431@example.com,517-432-8063,phone,2022-06-11
432,Kent,Price,kent.price432@example.com,157-173-2030,email,2022-09-21
433,Jennifer,Watkins,jennifer.watkins433@example.com,761-847-8700,text,2020-02-29
434,Matthew,Morgan,matthew.morgan434@example.com,061-387-8293,text,2022-03-07
435,Sandy,Johnson,sandy.johnson435@example.com,270-790-3202,phone,2021-11-19
436,Cynthia,Conway,cynthia.conway436@example.com,179-291-1179,phone,2023-10-01
437,Lauren,Walker,lauren.walker437@example.com,365-651-9825,phone,2023-10-22
438,Mary,Mcguire,mary.mcguire438@example.com,092-511-4262,email,2024-06-22
439,Heather,Tran,heather.tran439@example.com,739-021-9620,text,2022-04-08
440,Nichole,Miller,nichole.miller440@example.com,021-946-7232,phone,2024-01-23
441,Danielle,Mills,danielle.mills441@example.com,632-909-2791,email,2020-12-04
442,Courtney,Patton,courtney.patton442@example.com,560-833-1819,text,2024-09-17
443,Michael,Juarez,michael.juarez443@example.com,883-734-0312,email,2022-08-15
444,Gina,Schmitt,gina.schmitt444@example.com,772-200-5436,email,2025-02-26
445,John,Jensen,john.jensen445@example.com,701-082-2078,email,2020-09-18
446,Darren,Jacobson,darren.jacobson446@example.com,799-563-5315,email,2023-06-28
447,Jeremy,Young,jeremy.young447@example.com,636-317-9706,phone,2022-12-29
448,Dustin,Reilly,dustin.reilly448@example.com,726-527-3543,email,2020-02-25
449,Matthew,Johnson,matthew.johnson449@example.com,904-217-7625,email,2025-01-31
450,Jeffrey,Phillips,jeffrey.phillips450@example.com,292-983-1687,text,2022-03-17
451,Michelle,Robinson,michelle.robinson451@example.com,774-063-3569,email,2023-04-27
452,Jeffrey,Pennington,jeffrey.pennington452@example.com,290-600-7806,email,2023-03-01
453,Amanda,Mendoza,amanda.mendoza453@example.com,177-318-0632,phone,2023-09-19
454,Michael,Allen,michael.allen454@example.com,107-427-9907,email,2020-02-25
455,Steven,Taylor,steven.taylor455@example.com,625-701-6580,phone,2020-06-20
456,Kenneth,Mullins,kenneth.mullins456@example.com,989-319-5085,phone,2023-08-09
457,Pamela,Rodriguez,pamela.rodriguez457@example.com,579-055-2818,email,2022-05-27
458,Jenna,Harris,jenna.harris458@example.com,538-179-3355,text,2020-10-04
459,Rachael,Gordon,rachael.gordon459@example.com,640-155-7788,phone,2024-11-10
460,Maria,Harrison,maria.harrison460@example.com,884-795-1371,email,2022-08-03
461,Christopher,Hurst,christopher.hurst461@example.com,411-241-2723,text,2021-01-07
462,Abigail,Burton,abigail.burton462@example.com,468-275-6704,phone,2020-04-12
463,Jaime,Johnson,jaime.johnson463@example.com,385-695-5798,email,2021-06-16
464,Meagan,Wallace,meagan.wallace464@example.com,492-424-3754,email,2022-02-15
465,Kayla,Williams,kayla.williams465@example.com,547-292-8422,email,2021-11-01
466,Mary,Schwartz,mary.schwartz466@example.com,223-105-9274,phone,2021-03-09
467,Mike,Harris,mike.harris467@example.com,055-257-8284,email,2022-07-20
468,David,Johnson,david.johnson468@example.com,727-520-8854,email,2021-10-31
469,Thomas,Roberts,thomas.roberts469@example.com,929-751-7028,email,2021-11-22
470,Darryl,Johnson,darryl.johnson470@example.com,937-515-0939,phone,2024-04-07
471,Alicia,Harrington,alicia.harrington471@example.com,430-187-1863,email,2024-12-06
472,Tracy,Morrison,tracy.morrison472@example.com,805-626-5650,phone,2022-02-15
473,Justin,Bell,justin.bell473@example.com,781-376-7426,email,2021-07-23
474,Jessica,Perry,jessica.perry474@example.com,991-234-7851,phone,2024-03-20
475,Sarah,Garza,sarah.garza475@example.com,610-646-2879,text,2024-08-30
476,Karina,Taylor,karina.taylor476@example.com,264-870-4947,email,2022-05-13
477,Anita,Ford,anita.ford477@example.com,002-447-1462,email,2021-05-31
478,Travis,Watts,travis.watts478@example.com,301-471-9597,phone,2024-09-05
479,Ariana,Oneill,ariana.oneill479@example.com,715-890-4290,email,2020-06-16
480,Dustin,Murray,dustin.murray480@example.com,252-045-6504,text,2022-08-21
481,Kelly,Fowler,kelly.fowler481@example.com,183-219-2855,text,2020-02-09
482,Margaret,Cohen,margaret.cohen482@example.com,445-189-5202,email,2024-03-14
483,April,Watson,april.watson483@example.com,765-213-2833,email,2023-01-09
484,Laura,Hansen,laura.hansen484@example.com,888-167-1120,email,2020-04-16
485,Timothy,Collins,timothy.collins485@example.com,527-985-2401,text,2021-12-17
486,Jeffrey,Vincent,jeffrey.vincent486@example.com,234-232-1611,email,2021-04-04
487,Andrew,Washington,andrew.washington487@example.com,603-108-9071,email,2023-08-24
488,Rebekah,Williams,rebekah.williams488@example.com,401-193-9325,email,2020-05-20
489,Anthony,Thomas,anthony.thomas489@example.com,495-528-9389,email,2024-05-18
490,Carlos,Weiss,carlos.weiss490@example.com,083-342-8013,phone,2023-08-27
491,Samantha,York,samantha.york491@example.com,759-271-2566,email,2020-03-23
492,Jason,Perez,jason.perez492@example.com,151-718-2754,email,2024-03-24
493,Angela,Williams,angela.williams493@example.com,571-647-9473,email,2020-03-04
494,Angela,Roberts,angela.roberts494@example.com,631-752-0716,phone,2021-05-21
495,Samuel,Barrett,samuel.barrett495@example.com,112-669-1215,email,2021-02-12
496,Theresa,Morgan,theresa.morgan496@example.com,961-367-4994,email,2024-09-14
497,Katelyn,Owen,katelyn.owen497@example.com,657-967-8427,email,2020-02-11
498,Daniel,King,daniel.king498@example.com,732-010-1702,phone,2023-06-26
499,Patrick,Shelton,patrick.shelton499@example.com,249-911-8773,email,2020-11-08
500,Kelly,Jimenez,kelly.jimenez500@example.com,848-588-0061,email,2021-05-03
501,Patrick,Edwards,patrick.edwards501@example.com,677-002-8427,email,2020-09-15
502,Ryan,Edwards,ryan.edwards502@example.com,671-978-8977,email,2022-08-27
503,Anna,Moore,anna.moore503@example.com,064-796-9545,email,2023-10-03
504,Bryan,Garza,bryan.garza504@example.com,255-905-6165,text,2020-08-22
505,Victoria,Jenkins,victoria.jenkins505@example.com,033-349-1141,phone,2023-03-01
506,Matthew,Smith,matthew.smith506@example.com,507-698-6407,text,2021-03-22
507,Brianna,Odom,brianna.odom507@example.com,696-591-7135,email,2022-08-10
508,Tyler,Cain,tyler.cain508@example.com,529-456-3718,phone,2023-12-03
509,Jason,Baker,jason.baker509@example.com,496-391-9195,phone,2021-06-08
510,Joshua,Knight,joshua.knight510@example.com,876-351-4846,email,2024-04-19
511,Elizabeth,Edwards,elizabeth.edwards511@example.com,664-987-8208,email,2022-01-25
512,Michelle,Ray,michelle.ray512@example.com,374-896-9083,email,2020-12-09
513,Michael,Hernandez,michael.hernandez513@example.com,246-651-3644,email,2023-05-25
514,Debbie,Scott,debbie.scott514@example.com,936-312-3034,email,2023-05-28
515,Steven,Castro,steven.castro515@example.com,660-324-2044,email,2024-03-11
516,Donna,Thompson,donna.thompson516@example.com,070-015-9416,phone,2024-01-11
517,Penny,Powers,penny.powers517@example.com,162-319-8189,email,2020-08-22
518,Stephanie,Huynh,stephanie.huynh518@example.com,471-391-5596,email,2024-05-11
519,Linda,Manning,linda.manning519@example.com,632-123-4764,phone,2024-08-04
520,Michelle,Brown,michelle.brown520@example.com,851-586-7342,phone,2020-12-01
521,Michael,Baldwin,michael.baldwin521@example.com,409-003-4864,email,2021-09-29
522,Danielle,Haynes,danielle.haynes522@example.com,183-760-6441,email,2020-08-09
523,Sharon,Sherman,sharon.sherman523@example.com,432-756-0417,text,2023-03-31
524,Thomas,Gutierrez,thomas.gutierrez524@example.com,561-248-1569,text,2020-02-22
525,Jessica,Kelley,jessica.kelley525@example.com,570-027-2063,email,2021-09-30
526,Courtney,Edwards,courtney.edwards526@example.com,112-382-9657,email,2023-03-25
527,Timothy,Moss,timothy.moss527@example.com,429-543-1652,email,2023-10-19
528,Phillip,Bennett,phillip.bennett528@example.com,930-089-3173,email,2025-02-02
529,Jose,Christian,jose.christian529@example.com,069-694-2152,phone,2022-02-07
530,Stacey,Wilson,stacey.wilson530@example.com,867-713-3344,email,2022-03-23
531,Julie,Reyes,julie.reyes531@example.com,639-343-6262,text,2024-01-04
532,Anthony,Cherry,anthony.cherry532@example.com,397-359-7107,email,2021-02-10
533,Dean,Morris,dean.morris533@example.com,636-694-1180,email,2020-06-04
534,Brett,Galvan,brett.galvan534@example.com,759-900-4896,email,2023-04-27
535,Kevin,Foster,kevin.foster535@example.com,528-092-4287,phone,2023-11-15
536,Sarah,Humphrey,sarah.humphrey536@example.com,215-862-4150,email,2024-08-28
537,Tiffany,Porter,tiffany.porter537@example.com,456-449-4856,email,2023-07-08
538,Patricia,Stewart,patricia.stewart538@example.com,728-703-2032,phone,2021-05-12
539,Barry,Green,barry.green539@example.com,761-707-5877,phone,2020-07-27
540,Trevor,Singleton,trevor.singleton540@example.com,215-134-2284,text,2023-11-28
541,Anna,Alvarado,anna.alvarado541@example.com,390-892-6137,phone,2024-05-01
542,Erica,Clay,erica.clay542@example.com,041-659-1520,email,2021-09-09
543,Christopher,Rivas,christopher.rivas543@example.com,774-905-0975,phone,2024-10-07
544,Stacey,Cooke,stacey.cooke544@example.com,923-045-0189,text,2023-11-02
545,Patrick,Ross,patrick.ross545@example.com,236-103-2664,phone,2023-05-14
546,Deborah,Best,deborah.best546@example.com,214-764-9251,email,2024-07-07
547,Marilyn,Hunt,marilyn.hunt547@example.com,776-749-9616,text,2020-09-04
548,Lisa,Austin,lisa.austin548@example.com,661-085-7327,text,2024-06-18
549,Alison,Holland,alison.holland549@example.com,147-617-4224,phone,2023-03-05
550,Mckenzie,Mills,mckenzie.mills550@example.com,490-810-8186,text,2024-05-21
551,Robert,Marshall,robert.marshall551@example.com,945-491-8017,email,2020-03-25
552,Hayden,White,hayden.white552@example.com,601-645-9779,email,2021-12-12
553,Lindsey,Peterson,lindsey.peterson553@example.com,232-194-1680,phone,2022-12-27
554,Adam,Wilson,adam.wilson554@example.com,277-697-4995,phone,2022-05-27
555,Hannah,Mccarty,hannah.mccarty555@example.com,641-220-3103,email,2023-09-16
556,Michele,Clark,michele.clark556@example.com,236-831-4727,email,2022-01-28
557,Robert,Wilson,robert.wilson557@example.com,277-707-9334,email,2020-05-21
558,Ashley,Bass,ashley.bass558@example.com,050-166-7998,email,2022-11-02
559,Yolanda,Johnson,yolanda.johnson559@example.com,678-997-3080,email,2023-08-19
560,Robert,Stewart,robert.stewart560@example.com,146-717-9576,phone,2021-11-29
561,Andrew,Roberts,andrew.roberts561@example.com,375-738-3959,email,2020-01-26
562,Melissa,Espinoza,melissa.espinoza562@example.com,724-665-7293,phone,2024-10-05
563,Justin,Curry,justin.curry563@example.com,722-329-7167,email,2022-05-10
564,Kevin,Clark,kevin.clark564@example.com,005-452-2801,email,2024-08-11
565,Matthew,Wilson,matthew.wilson565@example.com,318-374-5508,text,2022-09-30
566,Joseph,Hernandez,joseph.hernandez566@example.com,891-077-1199,phone,2020-08-04
567,Kimberly,Meza,kimberly.meza567@example.com,808-121-3524,phone,2022-06-06
568,Jean,Gill,jean.gill568@example.com,712-552-1376,phone,2022-01-11
569,Kayla,Smith,kayla.smith569@example.com,754-821-4565,phone,2023-07-25
570,Crystal,Sanchez,crystal.sanchez570@example.com,863-266-6785,phone,2024-12-30
571,Sherry,Ramos,sherry.ramos571@example.com,081-155-6260,text,2024-08-24
572,Phillip,Johnson,phillip.johnson572@example.com,290-846-6845,phone,2022-07-30
573,Regina,Smith,regina.smith573@example.com,489-267-3899,phone,2023-12-19
574,Denise,Terry,denise.terry574@example.com,634-108-5628,email,2020-11-09
575,Victoria,Campbell,victoria.campbell575@example.com,188-485-2008,email,2022-06-10
576,Brittany,Allen,brittany.allen576@example.com,468-105-4851,email,2020-12-26
577,Brandon,Curtis,brandon.curtis577@example.com,174-907-5399,phone,2024-02-11
578,Jennifer,Pineda,jennifer.pineda578@example.com,893-544-9268,email,2022-12-04
579,Joan,Garcia,joan.garcia579@example.com,893-571-2661,phone,2023-08-25
580,Christopher,Coleman,christopher.coleman580@example.com,273-715-8698,phone,2021-07-07
581,April,Foster,april.foster581@example.com,497-677-6228,text,2023-06-15
582,David,Dawson,david.dawson582@example.com,288-137-7028,phone,2024-07-13
583,Mike,Crane,mike.crane583@example.com,961-159-4082,email,2025-02-26
584,David,Torres,david.torres584@example.com,544-702-2960,email,2023-01-07
585,Sharon,Torres,sharon.torres585@example.com,432-701-8510,email,2024-05-05
586,Robert,Berry,robert.berry586@example.com,975-679-2287,text,2022-09-17
587,Kathleen,Contreras,kathleen.contreras587@example.com,251-996-6365,phone,2022-08-10
588,Amber,Rubio,amber.rubio588@example.com,741-209-4818,email,2022-06-11
589,Christopher,Friedman,christopher.friedman589@example.com,890-983-7801,text,2024-08-18
590,Dominique,Schmidt,dominique.schmidt590@example.com,043-397-1895,email,2024-02-06
591,Richard,Williams,richard.williams591@example.com,056-260-8564,text,2023-04-28
592,Christopher,Petty,christopher.petty592@example.com,824-224-1246,phone,2021-07-03
593,Erika,Brown,erika.brown593@example.com,520-046-1526,email,2021-10-22
594,Patricia,Scott,patricia.scott594@example.com,103-399-3788,phone,2024-10-10
595,Paul,Wilson,paul.wilson595@example.com,057-861-7063,email,2021-05-17
596,Robin,Smith,robin.smith596@example.com,891-382-4967,text,2024-08-28
597,Christopher,Fields,christopher.fields597@example.com,325-823-8687,phone,2020-06-26
598,Bobby,Hess,bobby.hess598@example.com,942-007-4946,email,2021-07-25
599,Yvette,Kirby,yvette.kirby599@example.com,398-402-8914,phone,2024-12-10
600,Christopher,Hale,christopher.hale600@example.com,284-639-8554,email,2022-07-12
601,Tiffany,Zimmerman,tiffany.zimmerman601@example.com,435-537-9502,email,2021-05-14
602,Deborah,Smith,deborah.smith602@example.com,700-268-7681,text,2024-03-16
603,Kristin,Banks,kristin.banks603@example.com,180-715-6956,email,2022-08-09
604,Gregory,Tate,gregory.tate604@example.com,017-537-0304,email,2023-03-13
605,Erin,Fletcher,erin.fletcher605@example.com,319-433-7504,phone,2023-06-03
606,Trevor,Padilla,trevor.padilla606@example.com,930-361-4987,phone,2023-09-30
607,George,Lee,george.lee607@example.com,999-219-2124,phone,2022-02-15
608,Sarah,Foley,sarah.foley608@example.com,843-089-4870,phone,2021-11-19
609,Sharon,Davidson,sharon.davidson609@example.com,056-641-8775,text,2020-02-28
610,Zachary,Williams,zachary.williams610@example.com,304-687-5063,email,2022-10-09
611,Matthew,Beard,matthew.beard611@example.com,036-133-2541,email,2024-10-08
612,Connie,Davis,connie.davis612@example.com,760-954-3173,phone,2021-10-27
613,Susan,Wall,susan.wall613@example.com,583-199-7179,text,2021-01-07
614,David,Villegas,david.villegas614@example.com,065-120-7049,email,2022-09-25
615,Connie,Jones,connie.jones615@example.com,080-466-1963,phone,2021-03-10
616,Michelle,Cobb,michelle.cobb616@example.com,907-676-9915,email,2021-12-27
617,Debra,Lowe,debra.lowe617@example.com,078-593-1109,email,2024-06-21
618,Jennifer,Watkins,jennifer.watkins618@example.com,392-845-6797,phone,2021-06-13
619,Jacob,Taylor,jacob.taylor619@example.com,002-496-8549,email,2021-11-28
620,Nicole,Rowe,nicole.rowe620@example.com,274-954-5089,email,2021-07-26
621,Diane,Thomas,diane.thomas621@example.com,388-065-3331,phone,2024-12-07
622,Matthew,Contreras,matthew.contreras622@example.com,795-995-9465,text,2023-05-05
623,Francis,Gibson,francis.gibson623@example.com,073-033-7933,text,2023-12-07
624,Timothy,Tate,timothy.tate624@example.com,563-620-5015,email,2024-12-07
625,Anthony,Wilson,anthony.wilson625@example.com,473-950-0334,email,2021-07-19
626,Grant,Mcclure,grant.mcclure626@example.com,258-323-0241,email,2023-02-12
627,Andrew,Byrd,andrew.byrd627@example.com,615-347-3552,email,2020-01-21
628,Shelley,Rowland,shelley.rowland628@example.com,961-122-3386,email,2022-11-24
629,Heather,Stewart,heather.stewart629@example.com,630-993-8425,phone,2021-01-26
630,John,Soto,john.soto630@example.com,428-973-1791,email,2020-06-24
631,Gary,Hughes,gary.hughes631@example.com,857-872-5587,text,2021-05-09
632,Jennifer,Simpson,jennifer.simpson632@example.com,496-903-3373,email,2024-01-14
633,Randy,Torres,randy.torres633@example.com,692-548-1214,phone,2022-04-12
634,Sean,Bell,sean.bell634@example.com,907-895-6776,email,2022-09-27
635,Robert,Ballard,robert.ballard635@example.com,546-027-3415,phone,2023-02-11
636,Rachel,Phillips,rachel.phillips636@example.com,888-143-1115,phone,2024-04-01
637,Benjamin,Gonzalez,benjamin.gonzalez637@example.com,354-443-9284,phone,2021-05-07
638,Alan,Evans,alan.evans638@example.com,566-907-8263,email,2023-11-15
639,Jeremy,Curry,jeremy.curry639@example.com,738-987-7515,email,2022-09-02
640,Megan,Patterson,megan.patterson640@example.com,637-780-5292,email,2023-08-15
641,Kevin,Rojas,kevin.rojas641@example.com,755-366-6845,phone,2023-12-28
642,Brenda,Bradley,brenda.bradley642@example.com,022-599-9966,text,2022-10-02
643,James,Myers,james.myers643@example.com,863-715-9741,text,2022-07-06
644,George,Leonard,george.leonard644@example.com,209-702-3164,text,2024-06-11
645,Jamie,Carter,jamie.carter645@example.com,817-058-0256,phone,2020-02-05
646,Peter,Mayo,peter.mayo646@example.com,286-716-3234,email,2020-07-09
647,Ryan,Mckinney,ryan.mckinney647@example.com,729-949-3874,text,2021-08-25
648,James,Ritter,james.ritter648@example.com,716-938-5977,email,2021-03-29
649,Steven,Williams,steven.williams649@example.com,147-546-9263,phone,2022-04-08
650,Hayden,Williamson,hayden.williamson650@example.com,676-291-6032,phone,2023-11-17
651,Joshua,Fuller,joshua.fuller651@example.com,413-768-1511,email,2021-05-13
652,William,Chan,william.chan652@example.com,672-438-0701,text,2021-09-19
653,Danielle,Lowe,danielle.lowe653@example.com,765-636-0041,email,2023-09-21
654,Jenna,Taylor,jenna.taylor654@example.com,777-118-3727,email,2023-04-06
655,Lori,Skinner,lori.skinner655@example.com,209-124-1862,phone,2022-01-25
656,Chris,Gallagher,chris.gallagher656@example.com,427-523-0837,email,2022-08-27
657,Heather,Copeland,heather.copeland657@example.com,816-470-9006,text,2023-02-07
658,Katie,Mcfarland,katie.mcfarland658@example.com,533-106-0053,email,2022-12-23
659,Erin,Brown,erin.brown659@example.com,122-068-1558,email,2021-12-05
660,Courtney,Weber,courtney.weber660@example.com,866-133-1552,text,2022-05-21
661,Alexis,Valdez,alexis.valdez661@example.com,063-731-4950,phone,2024-03-07
662,Carlos,Robinson,carlos.robinson662@example.com,497-189-2419,email,2023-02-01
663,Mark,Mccoy,mark.mccoy663@example.com,625-257-1509,phone,2021-11-08
664,Rhonda,Cole,rhonda.cole664@example.com,838-903-0914,email,2021-12-21
665,Joel,Patterson,joel.patterson665@example.com,391-025-7432,email,2023-12-10
666,Nicholas,May,nicholas.may666@example.com,397-524-5086,email,2022-07-18
667,Deborah,Roberts,deborah.roberts667@example.com,035-533-8033,email,2021-07-08
668,Cathy,James,cathy.james668@example.com,527-017-1302,email,2021-09-19
669,Shawna,Martinez,shawna.martinez669@example.com,298-338-1674,text,2021-05-29
670,Frank,Gonzalez,frank.gonzalez670@example.com,629-344-9734,email,2021-04-17
671,Michelle,Olson,michelle.olson671@example.com,566-277-6896,phone,2020-09-04
672,Kathleen,Weiss,kathleen.weiss672@example.com,706-614-9828,email,2024-01-17
673,Jessica,Scott,jessica.scott673@example.com,747-468-9715,email,2021-01-29
674,Derrick,Harrison,derrick.harrison674@example.com,230-085-7666,email,2021-10-08
675,Tara,Brooks,tara.brooks675@example.com,749-160-1692,text,2020-09-01
676,James,Graham,james.graham676@example.com,458-750-6633,text,2024-03-01
677,Tim,Dorsey,tim.dorsey677@example.com,502-497-2439,phone,2023-01-02
678,Beth,Bates,beth.bates678@example.com,201-166-9183,text,2024-04-09
679,Nancy,Martin,nancy.martin679@example.com,644-886-9461,phone,2023-11-14
680,Daniel,Armstrong,daniel.armstrong680@example.com,524-364-0270,phone,2021-01-14
681,Collin,Ayala,collin.ayala681@example.com,686-462-2522,phone,2021-01-27
682,James,White,james.white682@example.com,179-323-0234,text,2021-03-19
683,Tonya,Savage,tonya.savage683@example.com,791-214-1614,email,2024-02-21
684,Caleb,Johnson,caleb.johnson684@example.com,377-100-4090,phone,2022-09-18
685,Collin,Boyd,collin.boyd685@example.com,069-847-7596,email,2021-07-20
686,Matthew,Maldonado,matthew.maldonado686@example.com,553-566-9055,email,2024-01-23
687,Linda,Smith,linda.smith687@example.com,620-918-4357,phone,2023-04-22
688,Christine,Hopkins,christine.hopkins688@example.com,786-305-0505,text,2024-04-05
689,Erica,Hall,erica.hall689@example.com,769-156-7164,text,2022-12-10
690,Catherine,Joseph,catherine.joseph690@example.com,898-027-1487,email,2023-05-07
691,Gary,Griffin,gary.griffin691@example.com,178-333-2116,text,2021-08-02
692,Victoria,Johnson,victoria.johnson692@example.com,564-347-1287,email,2020-07-24
693,Christopher,Holt,christopher.holt693@example.com,399-156-6863,text,2024-09-01
694,Jeffrey,Wilson,jeffrey.wilson694@example.com,111-593-1952,email,2021-02-01
695,Melissa,Finley,melissa.finley695@example.com,904-098-3665,email,2021-08-29
696,Kelsey,Salinas,kelsey.salinas696@example.com,289-931-6087,phone,2021-04-10
697,Leslie,Cabrera,leslie.cabrera697@example.com,437-729-4209,text,2022-01-09
698,Luke,Shaw,luke.shaw698@example.com,149-737-4605,email,2021-01-02
699,Eric,Moran,eric.moran699@example.com,302-764-2086,phone,2021-09-11
700,Matthew,Gregory,matthew.gregory700@example.com,566-184-4386,phone,2020-01-29
701,Connor,Morris,connor.morris701@example.com,904-729-2774,email,2023-12-21
702,Phyllis,Clark,phyllis.clark702@example.com,305-912-6620,email,2022-12-29
703,Cody,Mccann,cody.mccann703@example.com,201-859-6263,email,2020-09-16
704,Austin,Allen,austin.allen704@example.com,749-261-7647,text,2021-07-15
705,Michael,Wilson,michael.wilson705@example.com,117-830-9997,phone,2020-04-03
706,Joshua,Mcgee,joshua.mcgee706@example.com,926-764-9215,email,2020-04-21
707,Bryan,Stout,bryan.stout707@example.com,826-068-8871,phone,2023-02-07
708,April,Richards,april.richards708@example.com,131-292-0875,text,2021-08-21
709,David,Anderson,david.anderson709@example.com,321-840-1184,text,2023-11-29
710,Michael,Stephens,michael.stephens710@example.com,603-408-4872,email,2020-09-15
711,Barbara,Neal,barbara.neal711@example.com,859-883-1030,email,2023-07-30
712,Jacob,Evans,jacob.evans712@example.com,329-839-5429,email,2024-11-13
713,Robert,Pierce,robert.pierce713@example.com,462-671-4628,email,2024-03-21
714,James,Soto,james.soto714@example.com,435-989-2625,text,2022-10-02
715,Victoria,Hamilton,victoria.hamilton715@example.com,093-141-8186,email,2020-07-29
716,Cameron,Bowman,cameron.bowman716@example.com,554-234-0163,email,2024-11-22
717,Nicholas,Garcia,nicholas.garcia717@example.com,128-497-1859,email,2020-01-26
718,Michelle,Arnold,michelle.arnold718@example.com,910-256-2588,text,2023-03-21
719,Brooke,Atkinson,brooke.atkinson719@example.com,792-408-2226,email,2021-08-05
720,Ashley,Adams,ashley.adams720@example.com,539-672-7578,phone,2022-08-19
721,Justin,Cisneros,justin.cisneros721@example.com,834-146-5111,email,2022-09-07
722,Jessica,Duffy,jessica.duffy722@example.com,290-148-7068,text,2022-06-21
723,Sarah,Taylor,sarah.taylor723@example.com,788-160-9306,phone,2021-11-28
724,Jacqueline,Brady,jacqueline.brady724@example.com,389-097-2832,phone,2021-01-12
725,Charles,Franco,charles.franco725@example.com,850-676-2515,phone,2020-04-15
726,Robin,Wright,robin.wright726@example.com,814-474-4309,email,2021-06-01
727,Phillip,Leblanc,phillip.leblanc727@example.com,807-970-5097,email,2024-10-30
728,Mark,Gomez,mark.gomez728@example.com,052-650-1673,email,2022-09-05
729,Christopher,Robertson,christopher.robertson729@example.com,261-702-4376,email,2020-08-21
730,Nicholas,Diaz,nicholas.diaz730@example.com,284-177-2256,email,2024-08-10
731,Adam,Stephenson,adam.stephenson731@example.com,313-402-6650,email,2020-05-13
732,Ethan,Gonzalez,ethan.gonzalez732@example.com,741-678-7256,text,2022-03-31
733,Warren,Mclean,warren.mclean733@example.com,621-102-2580,email,2022-10-04
734,Katrina,Young,katrina.young734@example.com,569-067-4471,text,2020-05-31
735,Kathleen,Wright,kathleen.wright735@example.com,282-341-4363,email,2023-03-27
736,Thomas,Patton,thomas.patton736@example.com,189-239-2312,phone,2023-07-13
737,Richard,Hill,richard.hill737@example.com,326-093-1066,email,2023-11-06
738,Alicia,Graves,alicia.graves738@example.com,335-670-8604,email,2020-04-19
739,Daniel,Cox,daniel.cox739@example.com,563-502-0005,email,2020-11-06
740,Jason,Kennedy,jason.kennedy740@example.com,916-247-5541,phone,2020-11-01
741,Collin,Smith,collin.smith741@example.com,825-559-8953,phone,2024-07-19
742,Debra,Clark,debra.clark742@example.com,611-291-0933,text,2023-02-26
743,Janet,Schaefer,janet.schaefer743@example.com,189-547-3820,phone,2021-09-14
744,David,Barnes,david.barnes744@example.com,485-571-6176,text,2020-06-23
745,Alexandra,Farley,alexandra.farley745@example.com,029-424-0903,phone,2021-05-23
746,Joy,Sanders,joy.sanders746@example.com,881-278-6866,email,2020-08-30
747,Catherine,Clark,catherine.clark747@example.com,029-390-8788,email,2023-02-16
748,Jonathan,Phelps,jonathan.phelps748@example.com,448-123-0834,email,2024-04-14
749,Benjamin,Hernandez,benjamin.hernandez749@example.com,424-033-8105,email,2022-05-02
750,Cynthia,Compton,cynthia.compton750@example.com,518-426-9450,phone,2023-05-26
751,Connie,Smith,connie.smith751@example.com,534-240-8916,phone,2023-05-05
752,Sonya,Scott,sonya.scott752@example.com,983-735-4396,email,2024-06-07
753,Eric,Hall,eric.hall753@example.com,652-717-2722,email,2023-06-20
754,Jacob,Henry,jacob.henry754@example.com,240-422-6931,text,2021-04-07
755,Douglas,Simmons,douglas.simmons755@example.com,761-820-9166,text,2024-05-07
756,Andrew,Serrano,andrew.serrano756@example.com,023-142-9001,email,2022-12-06
757,Amy,Meyers,amy.meyers757@example.com,132-797-2457,email,2022-02-18
758,Eric,Brown,eric.brown758@example.com,481-001-8418,email,2022-07-11
759,Olivia,Perry,olivia.perry759@example.com,030-366-2543,phone,2025-02-03
760,Sandra,Cohen,sandra.cohen760@example.com,172-131-4519,text,2022-06-25
761,Matthew,Ward,matthew.ward761@example.com,109-226-8592,email,2021-08-31
762,Erin,Hernandez,erin.hernandez762@example.com,494-514-7541,email,2024-10-27
763,Kristina,Hensley,kristina.hensley763@example.com,225-267-7119,phone,2023-04-20
764,Ronald,Acosta,ronald.acosta764@example.com,215-226-5576,email,2022-05-28
765,Timothy,Dudley,timothy.dudley765@example.com,952-366-8788,email,2021-09-17
766,Travis,Herrera,travis.herrera766@example.com,361-968-9313,text,2023-03-10
767,Michael,Harris,michael.harris767@example.com,058-721-0552,email,2023-06-25
768,Kenneth,Thomas,kenneth.thomas768@example.com,863-330-2126,email,2020-05-03
769,Jessica,Horton,jessica.horton769@example.com,650-191-7920,text,2023-06-02
770,Dylan,Thomas,dylan.thomas770@example.com,310-962-2728,phone,2024-02-24
771,Holly,Evans,holly.evans771@example.com,657-041-2009,email,2020-07-22
772,Karen,Gordon,karen.gordon772@example.com,066-784-9843,phone,2024-04-11
773,Rodney,Moore,rodney.moore773@example.com,186-236-9036,email,2021-03-01
774,Isaiah,Reese,isaiah.reese774@example.com,891-775-6620,text,2023-07-05
775,Linda,Lucas,linda.lucas775@example.com,341-115-9503,phone,2021-03-08
776,Julian,Weaver,julian.weaver776@example.com,139-043-8303,text,2021-06-25
777,Joseph,Davila,joseph.davila777@example.com,909-700-5140,phone,2023-09-14
778,Tina,Walton,tina.walton778@example.com,683-565-2156,text,2020-06-15
779,Peggy,Gordon,peggy.gordon779@example.com,820-967-9042,email,2020-11-17
780,Edward,Ford,edward.ford780@example.com,133-228-8985,text,2021-05-06
781,Seth,Anderson,seth.anderson781@example.com,459-606-3399,phone,2020-12-21
782,Charles,Hernandez,charles.hernandez782@example.com,710-248-1717,text,2023-02-04
783,Lee,Villa,lee.villa783@example.com,214-955-1127,email,2020-06-02
784,Jonathan,Kennedy,jonathan.kennedy784@example.com,472-197-0546,email,2020-11-16
785,Robert,Harvey,robert.harvey785@example.com,275-895-5168,text,2020-01-06
786,Shannon,Rich,shannon.rich786@example.com,090-380-2146,phone,2022-04-16
787,Eric,Ross,eric.ross787@example.com,136-715-7787,text,2022-07-11
788,Daniel,White,daniel.white788@example.com,166-365-1559,phone,2023-11-12
789,Tom,Park,tom.park789@example.com,714-708-2723,email,2023-05-01
790,Luke,Johnson,luke.johnson790@example.com,960-567-3030,email,2022-08-20
791,Stephanie,Sutton,stephanie.sutton791@example.com,442-121-4614,phone,2021-08-19
792,Morgan,Hayes,morgan.hayes792@example.com,683-420-1654,phone,2020-03-07
793,Franklin,Bailey,franklin.bailey793@example.com,677-826-5960,phone,2021-04-19
794,Ann,English,ann.english794@example.com,319-925-5027,email,2021-08-13
795,Sarah,Porter,sarah.porter795@example.com,516-480-7279,email,2023-12-18
796,Connor,Robinson,connor.robinson796@example.com,368-296-3533,email,2021-08-02
797,Teresa,Ray,teresa.ray797@example.com,055-044-8177,phone,2023-12-10
798,Robert,Bell,robert.bell798@example.com,868-512-7652,phone,2024-10-26
799,Angela,Martin,angela.martin799@example.com,664-649-1111,email,2022-07-18
800,Debra,Jensen,debra.jensen800@example.com,617-981-7890,phone,2020-05-25
801,Elizabeth,Christian,elizabeth.christian801@example.com,337-861-3715,text,2023-11-08
802,Tammy,Sloan,tammy.sloan802@example.com,660-538-4444,text,2021-04-23
803,Mary,Pope,mary.pope803@example.com,630-600-0258,email,2021-06-25
804,Lori,Greene,lori.greene804@example.com,529-638-6396,email,2024-06-01
805,Maria,Solis,maria.solis805@example.com,962-626-5826,text,2024-06-08
806,Jerry,Mckinney,jerry.mckinney806@example.com,281-964-8253,phone,2023-07-04
807,Christopher,Johnson,christopher.johnson807@example.com,092-098-1960,phone,2023-04-22
808,Julia,Anderson,julia.anderson808@example.com,752-334-3836,phone,2023-09-16
809,Kaylee,Hopkins,kaylee.hopkins809@example.com,412-091-1791,email,2024-07-04
810,Daniel,Campbell,daniel.campbell810@example.com,211-753-6170,phone,2021-02-09
811,Robert,Tucker,robert.tucker811@example.com,136-657-2240,email,2022-05-20
812,Rebecca,Keller,rebecca.keller812@example.com,901-557-9980,text,2020-08-23
813,Eric,Harmon,eric.harmon813@example.com,139-080-8823,text,2023-01-20
814,Michelle,Wilson,michelle.wilson814@example.com,305-231-2447,email,2021-04-05
815,James,Davis,james.davis815@example.com,847-768-6342,phone,2023-08-19
816,James,Mathis,james.mathis816@example.com,461-994-2376,text,2020-11-01
817,Nicole,Henderson,nicole.henderson817@example.com,459-196-6395,email,2025-02-03
818,Nathaniel,Chen,nathaniel.chen818@example.com,172-084-9649,phone,2021-06-28
819,Margaret,Newman,margaret.newman819@example.com,856-012-5625,phone,2024-08-19
820,John,Lewis,john.lewis820@example.com,552-510-5053,text,2020-10-18
821,Steven,Pope,steven.pope821@example.com,381-649-3831,email,2020-05-26
822,Ann,Moran,ann.moran822@example.com,196-655-3307,text,2020-05-02
823,Victor,Mooney,victor.mooney823@example.com,611-729-5963,text,2020-12-05
824,Barbara,Mitchell,barbara.mitchell824@example.com,907-426-0880,email,2024-06-11
825,Matthew,Smith,matthew.smith825@example.com,716-445-5618,email,2021-09-21
826,Kim,Snyder,kim.snyder826@example.com,064-771-5910,email,2023-05-03
827,Jeffrey,Petersen,jeffrey.petersen827@example.com,215-632-1358,email,2024-03-13
828,Veronica,Villa,veronica.villa828@example.com,040-104-1459,email,2024-08-15
829,Latasha,Gray,latasha.gray829@example.com,229-712-5296,email,2023-03-11
830,Dana,Barnett,dana.barnett830@example.com,883-977-4573,email,2025-03-01
831,Christopher,Miranda,christopher.miranda831@example.com,158-331-1703,text,2021-08-14
832,Alexander,Robinson,alexander.robinson832@example.com,637-153-9885,email,2022-06-18
833,Kathleen,Collins,kathleen.collins833@example.com,728-123-5679,email,2020-09-11
834,William,Deleon,william.deleon834@example.com,314-624-9127,email,2022-08-17
835,Nancy,Mcgee,nancy.mcgee835@example.com,307-240-7875,email,2023-11-11
836,Joseph,Mcintosh,joseph.mcintosh836@example.com,156-326-8685,email,2021-09-14
837,Brian,Nelson,brian.nelson837@example.com,106-634-3629,phone,2023-12-04
838,Joshua,Lawson,joshua.lawson838@example.com,861-031-3100,email,2022-04-04
839,Barbara,Allen,barbara.allen839@example.com,814-396-6613,phone,2021-07-11
840,Jessica,Suarez,jessica.suarez840@example.com,473-235-4940,email,2022-10-21
841,Clinton,Gordon,clinton.gordon841@example.com,974-325-1225,email,2023-01-10
842,Rachel,Thomas,rachel.thomas842@example.com,076-502-4120,email,2022-10-08
843,Brooke,Montes,brooke.montes843@example.com,907-371-0094,text,2022-06-15
844,Mary,Fox,mary.fox844@example.com,221-145-7758,email,2020-06-13
845,Jonathan,Tucker,jonathan.tucker845@example.com,570-545-8971,email,2023-05-09
846,Joseph,Stone,joseph.stone846@example.com,026-325-7039,email,2020-03-22
847,Joyce,Mcpherson,joyce.mcpherson847@example.com,531-361-4878,email,2024-12-26
848,Gregory,Lozano,gregory.lozano848@example.com,556-964-4309,phone,2022-06-03
849,Abigail,Cooper,abigail.cooper849@example.com,916-795-4107,phone,2024-02-13
850,Sara,Thomas,sara.thomas850@example.com,284-982-4741,email,2021-10-22
851,Lauren,Smith,lauren.smith851@example.com,034-910-7406,email,2023-05-21
852,Michael,Flowers,michael.flowers852@example.com,042-548-8214,phone,2021-05-27
853,Douglas,Quinn,douglas.quinn853@example.com,691-430-7536,phone,2020-02-22
854,Roberto,Rasmussen,roberto.rasmussen854@example.com,144-942-9659,phone,2020-07-06
855,Donald,Saunders,donald.saunders855@example.com,426-834-4149,text,2021-04-13
856,Sara,Murray,sara.murray856@example.com,266-128-7585,email,2023-10-12
857,Taylor,Patterson,taylor.patterson857@example.com,667-080-6129,email,2024-09-08
858,Rebecca,Buchanan,rebecca.buchanan858@example.com,985-298-9406,phone,2024-10-28
859,David,Santiago,david.santiago859@example.com,787-010-4159,email,2023-03-24
860,Connor,Roberts,connor.roberts860@example.com,750-198-0382,phone,2023-04-17
861,Anna,Coffey,anna.coffey861@example.com,232-440-7931,phone,2020-02-12
862,Carlos,Hernandez,carlos.hernandez862@example.com,181-331-7087,email,2024-04-15
863,Peter,Howe,peter.howe863@example.com,467-238-4979,phone,2023-10-08
864,David,Thomas,david.thomas864@example.com,022-328-8377,phone,2024-08-09
865,Kelly,Contreras,kelly.contreras865@example.com,975-466-1766,phone,2021-07-05
866,Eddie,Campbell,eddie.campbell866@example.com,196-094-0970,phone,2023-03-26
867,Rebecca,Kelly,rebecca.kelly867@example.com,277-402-5883,phone,2020-03-23
868,Michael,Mccarthy,michael.mccarthy868@example.com,681-225-9572,email,2024-04-11
869,Joshua,Farmer,joshua.farmer869@example.com,461-767-9298,text,2024-03-28
870,Kimberly,Fox,kimberly.fox870@example.com,259-959-9610,email,2020-12-24
871,Anthony,Quinn,anthony.quinn871@example.com,311-775-3312,email,2022-08-21
872,Jessica,Cruz,jessica.cruz872@example.com,610-941-0175,phone,2022-11-28
873,Catherine,Pittman,catherine.pittman873@example.com,251-762-9833,text,2023-08-27
874,Johnny,Kim,johnny.kim874@example.com,433-268-3190,email,2022-06-24
875,Crystal,Barnett,crystal.barnett875@example.com,302-056-9815,phone,2025-02-19
876,Jacob,Blair,jacob.blair876@example.com,873-397-8559,email,2021-07-23
877,Rachel,Castaneda,rachel.castaneda877@example.com,176-619-1284,phone,2021-01-06
878,Craig,Jimenez,craig.jimenez878@example.com,098-503-4465,email,2023-04-13
879,Carlos,Savage,carlos.savage879@example.com,418-938-9846,email,2022-06-11
880,Christine,Gardner,christine.gardner880@example.com,197-400-5643,text,2023-07-24
881,Matthew,Hubbard,matthew.hubbard881@example.com,238-503-7199,email,2024-07-25
882,Jacqueline,Cannon,jacqueline.cannon882@example.com,051-699-1872,email,2022-10-04
883,Joseph,Williams,joseph.williams883@example.com,078-356-7430,text,2020-07-05
884,Sarah,Johnson,sarah.johnson884@example.com,389-608-7066,phone,2022-08-20
885,Heather,Jordan,heather.jordan885@example.com,682-171-9553,phone,2021-12-13
886,Matthew,Hull,matthew.hull886@example.com,331-903-6890,email,2022-04-16
887,Vicki,Smith,vicki.smith887@example.com,301-027-2405,email,2021-11-13
888,Michael,Rios,michael.rios888@example.com,342-967-1114,email,2021-10-19
889,Shawna,Harris,shawna.harris889@example.com,537-458-4384,text,2023-10-04
890,Luis,Weaver,luis.weaver890@example.com,105-697-4132,email,2020-08-02
891,Maureen,Meyer,maureen.meyer891@example.com,483-152-0377,email,2024-10-22
892,Stephanie,Smith,stephanie.smith892@example.com,044-964-1049,email,2020-11-25
893,Patrick,Smith,patrick.smith893@example.com,667-033-6268,text,2021-11-06
894,Brett,Torres,brett.torres894@example.com,850-954-9305,text,2022-04-23
895,Jessica,Howell,jessica.howell895@example.com,601-864-8769,text,2023-11-21
896,Jennifer,Mack,jennifer.mack896@example.com,426-732-0441,phone,2022-10-11
897,Yolanda,Wise,yolanda.wise897@example.com,459-609-4544,email,2021-08-13
898,Kimberly,Patrick,kimberly.patrick898@example.com,901-495-4277,phone,2023-09-18
899,Andre,Smith,andre.smith899@example.com,057-836-0914,phone,2022-03-31
900,Penny,Arnold,penny.arnold900@example.com,172-444-7232,phone,2024-07-24
901,Dylan,Williamson,dylan.williamson901@example.com,031-028-7950,email,2024-04-06
902,Angela,Perez,angela.perez902@example.com,440-580-9351,email,2023-01-31
903,Chris,Wallace,chris.wallace903@example.com,813-359-5616,phone,2020-03-16
904,Nancy,Thomas,nancy.thomas904@example.com,595-565-7490,email,2022-07-20
905,Ethan,Williams,ethan.williams905@example.com,290-193-5889,email,2020-06-29
906,Jennifer,Case,jennifer.case906@example.com,690-261-1398,email,2021-10-06
907,Whitney,Mccoy,whitney.mccoy907@example.com,681-809-7887,phone,2021-05-31
908,Logan,Lee,logan.lee908@example.com,943-535-3751,email,2021-10-24
909,Heather,Wallace,heather.wallace909@example.com,651-588-1579,email,2020-08-25
910,Jerry,Hartman,jerry.hartman910@example.com,392-836-9294,phone,2024-05-01
911,Laura,Peterson,laura.peterson911@example.com,116-682-9732,phone,2022-04-07
912,Nancy,Smith,nancy.smith912@example.com,164-871-2060,email,2024-11-06
913,Hannah,Fritz,hannah.fritz913@example.com,288-665-2683,text,2022-11-19
914,Jennifer,Wilson,jennifer.wilson914@example.com,599-910-1576,email,2024-08-16
915,Crystal,Yang,crystal.yang915@example.com,647-229-8120,email,2020-01-03
916,Brittney,Wood,brittney.wood916@example.com,765-728-9413,email,2023-09-08
917,Kenneth,Peterson,kenneth.peterson917@example.com,988-986-4565,email,2024-11-15
918,Katherine,Mckay,katherine.mckay918@example.com,036-849-9515,phone,2023-01-16
919,Justin,Wilson,justin.wilson919@example.com,477-324-4913,email,2022-08-04
920,Elizabeth,Thomas,elizabeth.thomas920@example.com,388-209-0883,text,2022-04-26
921,Adam,Wall,adam.wall921@example.com,053-496-7827,email,2020-04-21
922,Kenneth,Rodriguez,kenneth.rodriguez922@example.com,176-741-2415,text,2021-01-19
923,Linda,Garner,linda.garner923@example.com,315-285-4781,email,2022-11-27
924,Jasmine,Edwards,jasmine.edwards924@example.com,061-853-8003,phone,2022-01-10
925,Derrick,Bennett,derrick.bennett925@example.com,334-727-2742,text,2023-06-29
926,James,Liu,james.liu926@example.com,830-617-8932,phone,2024-03-29
927,Benjamin,Watts,benjamin.watts927@example.com,969-357-8243,email,2022-10-17
928,Nancy,Contreras,nancy.contreras928@example.com,769-587-4131,phone,2023-07-04
929,Sydney,Prince,sydney.prince929@example.com,467-536-1275,phone,2022-06-24
930,Donna,Bailey,donna.bailey930@example.com,627-796-3044,email,2024-04-05
931,William,Wu,william.wu931@example.com,608-545-6676,phone,2020-04-15
932,Raymond,Gaines,raymond.gaines932@example.com,473-504-7639,email,2021-02-20
933,Nancy,Herrera,nancy.herrera933@example.com,199-529-8006,email,2021-06-30
934,Christopher,Bush,christopher.bush934@example.com,581-083-5832,phone,2023-01-29
935,Mary,Foster,mary.foster935@example.com,342-556-3830,phone,2020-09-25
936,Barry,Smith,barry.smith936@example.com,818-670-2440,email,2021-08-12
937,Jerry,Barton,jerry.barton937@example.com,304-166-2411,email,2022-06-16
938,Charles,Bowen,charles.bowen938@example.com,600-892-1963,email,2024-12-08
939,Marie,Villarreal,marie.villarreal939@example.com,568-044-7314,email,2023-12-01
940,Tanya,Johnston,tanya.johnston940@example.com,646-136-8474,text,2022-09-19
941,Rebecca,Ferguson,rebecca.ferguson941@example.com,360-765-8173,email,2020-09-05
942,Becky,Johnson,becky.johnson942@example.com,375-791-4521,email,2020-02-29
943,Cody,Jackson,cody.jackson943@example.com,793-126-9789,email,2023-07-14
944,Kathleen,Brown,kathleen.brown944@example.com,746-452-0599,phone,2023-05-31
945,Richard,Smith,richard.smith945@example.com,387-875-3577,email,2024-06-24
946,Wyatt,Trevino,wyatt.trevino946@example.com,116-162-0281,email,2021-05-05
947,Gabriel,Kim,gabriel.kim947@example.com,106-728-7286,email,2023-12-24
948,Reginald,Phillips,reginald.phillips948@example.com,644-859-5922,email,2020-11-20
949,Kelly,Cohen,kelly.cohen949@example.com,958-947-7352,text,2021-09-28
950,Frank,Espinoza,frank.espinoza950@example.com,705-622-7104,text,2023-02-02
951,Jacqueline,Gonzalez,jacqueline.gonzalez951@example.com,187-510-9792,text,2020-01-29
952,Carl,Fields,carl.fields952@example.com,350-344-6945,email,2023-02-05
953,Claudia,Powell,claudia.powell953@example.com,488-319-2134,email,2022-04-15
954,Gregory,Elliott,gregory.elliott954@example.com,289-659-9949,email,2020-07-09
955,Elizabeth,Kennedy,elizabeth.kennedy955@example.com,203-319-2227,email,2021-04-05
956,Nancy,Morris,nancy.morris956@example.com,028-767-5481,email,2024-09-19
957,John,Long,john.long957@example.com,675-485-8193,email,2025-02-12
958,Stephanie,Dougherty,stephanie.dougherty958@example.com,426-877-4186,email,2020-08-20
959,Denise,Thompson,denise.thompson959@example.com,575-639-8365,email,2022-08-03
960,Harold,Adkins,harold.adkins960@example.com,037-583-0945,phone,2020-08-28
961,Clinton,Wood,clinton.wood961@example.com,480-940-4760,email,2023-08-19
962,Wendy,Padilla,wendy.padilla962@example.com,409-079-7727,phone,2024-08-31
963,Karen,Holland,karen.holland963@example.com,810-509-2221,text,2020-11-11
964,Robert,Singleton,robert.singleton964@example.com,070-518-4390,email,2022-10-17
965,Marvin,Powers,marvin.powers965@example.com,529-580-6601,phone,2024-01-07
966,James,Juarez,james.juarez966@example.com,241-270-4938,phone,2021-08-20
967,Robert,Reid,robert.reid967@example.com,044-851-5791,email,2022-11-08
968,Ashlee,Ford,ashlee.ford968@example.com,112-125-9020,email,2023-12-15
969,Jeff,Brooks,jeff.brooks969@example.com,134-324-0642,email,2021-07-13
970,Joshua,Cunningham,joshua.cunningham970@example.com,633-432-4474,phone,2022-04-30
971,Christopher,Kelly,christopher.kelly971@example.com,558-720-9628,email,2024-09-05
972,Ashley,Chaney,ashley.chaney972@example.com,654-358-8418,email,2022-09-15
973,Kiara,Scott,kiara.scott973@example.com,740-182-7279,email,2022-08-25
974,Marcus,Elliott,marcus.elliott974@example.com,905-150-2675,email,2021-05-14
975,Matthew,Leach,matthew.leach975@example.com,254-278-2079,email,2022-07-24
976,Stephen,Johnston,stephen.johnston976@example.com,667-345-9576,phone,2023-02-02
977,Kevin,Arellano,kevin.arellano977@example.com,381-664-9690,text,2020-10-23
978,Frank,Jackson,frank.jackson978@example.com,498-392-2501,email,2022-02-24
979,Kyle,Cannon,kyle.cannon979@example.com,576-270-2324,email,2021-01-25
980,Kyle,Lopez,kyle.lopez980@example.com,361-328-5072,phone,2023-05-12
981,Melvin,Ruiz,melvin.ruiz981@example.com,637-673-1625,email,2022-11-06
982,Kathryn,Anderson,kathryn.anderson982@example.com,546-968-1579,phone,2024-03-08
983,Anthony,Blackwell,anthony.blackwell983@example.com,235-558-0996,email,2024-12-05
984,Robin,Brewer,robin.brewer984@example.com,273-034-6156,text,2020-10-06
985,Destiny,Simmons,destiny.simmons985@example.com,446-704-6226,email,2024-11-04
986,Faith,Flowers,faith.flowers986@example.com,715-160-2529,phone,2020-05-22
987,William,Parks,william.parks987@example.com,076-604-6419,phone,2021-07-19
988,Lindsay,Odonnell,lindsay.odonnell988@example.com,857-585-1268,email,2024-05-01
989,Katherine,Berg,katherine.berg989@example.com,120-594-3897,phone,2024-06-05
990,Ryan,Marshall,ryan.marshall990@example.com,017-750-9546,phone,2024-10-15
991,Matthew,Phillips,matthew.phillips991@example.com,084-245-6075,email,2022-04-29
992,Kenneth,Johnson,kenneth.johnson992@example.com,150-863-2181,email,2021-11-27
993,David,Thomas,david.thomas993@example.com,764-579-3897,phone,2024-06-01
994,Billy,Nguyen,billy.nguyen994@example.com,029-168-1546,text,2022-11-05
995,Richard,White,richard.white995@example.com,416-139-4498,phone,2021-07-01
996,Amber,Leon,amber.leon996@example.com,059-736-4248,text,2024-08-07
997,Emily,Jacobs,emily.jacobs997@example.com,244-063-0624,email,2020-01-06
998,Joseph,George,joseph.george998@example.com,513-305-3194,text,2021-08-02
999,Jessica,Lynch,jessica.lynch999@example.com,796-958-6780,email,2024-01-26
1000,Matthew,Flores,matthew.flores1000@example.com,727-738-2646,text,2021-09-03
